<annotation>
	<folder>hello</folder>
	<filename>hello.4abaa4b4-b33b-11ec-a46a-7cb27dfc3c61.jpg</filename>
	<path>C:\Users\User\OneDrive - Thadomal Shahani Engineering College\Desktop\SignSync 2\RealTimeObjectDetection\Tensorflow\workspace\images\collectedimages\hello\hello.4abaa4b4-b33b-11ec-a46a-7cb27dfc3c61.jpg</path>
	<source>
		<database>Unknown</database>
	</source>
	<size>
		<width>640</width>
		<height>480</height>
		<depth>3</depth>
	</size>
	<segmented>0</segmented>
	<object>
		<name>hello</name>
		<pose>Unspecified</pose>
		<truncated>0</truncated>
		<difficult>0</difficult>
		<bndbox>
			<xmin>342</xmin>
			<ymin>158</ymin>
			<xmax>573</xmax>
			<ymax>389</ymax>
		</bndbox>
	</object>
</annotation>
