<annotation>
	<folder>hello</folder>
	<filename>hello.4d2b97d7-b33b-11ec-8f7b-7cb27dfc3c61.jpg</filename>
	<path>C:\Users\User\OneDrive - Thadomal Shahani Engineering College\Desktop\SignSync 2\RealTimeObjectDetection\Tensorflow\workspace\images\collectedimages\hello\hello.4d2b97d7-b33b-11ec-8f7b-7cb27dfc3c61.jpg</path>
	<source>
		<database>Unknown</database>
	</source>
	<size>
		<width>640</width>
		<height>480</height>
		<depth>3</depth>
	</size>
	<segmented>0</segmented>
	<object>
		<name>hello</name>
		<pose>Unspecified</pose>
		<truncated>0</truncated>
		<difficult>0</difficult>
		<bndbox>
			<xmin>328</xmin>
			<ymin>147</ymin>
			<xmax>545</xmax>
			<ymax>405</ymax>
		</bndbox>
	</object>
</annotation>
