<annotation>
	<folder>iloveyou</folder>
	<filename>iloveyou.6e294bf0-b33b-11ec-a490-7cb27dfc3c61.jpg</filename>
	<path>C:\Users\User\OneDrive - Thadomal Shahani Engineering College\Desktop\SignSync 2\RealTimeObjectDetection\Tensorflow\workspace\images\collectedimages\iloveyou\iloveyou.6e294bf0-b33b-11ec-a490-7cb27dfc3c61.jpg</path>
	<source>
		<database>Unknown</database>
	</source>
	<size>
		<width>640</width>
		<height>480</height>
		<depth>3</depth>
	</size>
	<segmented>0</segmented>
	<object>
		<name>iloveyou</name>
		<pose>Unspecified</pose>
		<truncated>0</truncated>
		<difficult>0</difficult>
		<bndbox>
			<xmin>324</xmin>
			<ymin>80</ymin>
			<xmax>624</xmax>
			<ymax>365</ymax>
		</bndbox>
	</object>
</annotation>
