<annotation>
	<folder>iloveyou</folder>
	<filename>iloveyou.6ceb18ca-b33b-11ec-b540-7cb27dfc3c61.jpg</filename>
	<path>C:\Users\User\OneDrive - Thadomal Shahani Engineering College\Desktop\SignSync 2\RealTimeObjectDetection\Tensorflow\workspace\images\collectedimages\iloveyou\iloveyou.6ceb18ca-b33b-11ec-b540-7cb27dfc3c61.jpg</path>
	<source>
		<database>Unknown</database>
	</source>
	<size>
		<width>640</width>
		<height>480</height>
		<depth>3</depth>
	</size>
	<segmented>0</segmented>
	<object>
		<name>iloveyou</name>
		<pose>Unspecified</pose>
		<truncated>0</truncated>
		<difficult>0</difficult>
		<bndbox>
			<xmin>346</xmin>
			<ymin>70</ymin>
			<xmax>636</xmax>
			<ymax>386</ymax>
		</bndbox>
	</object>
</annotation>
