<annotation>
	<folder>no</folder>
	<filename>no.98d1ad1b-b33b-11ec-b0ba-7cb27dfc3c61.jpg</filename>
	<path>C:\Users\User\OneDrive - Thadomal Shahani Engineering College\Desktop\SignSync 2\RealTimeObjectDetection\Tensorflow\workspace\images\collectedimages\no\no.98d1ad1b-b33b-11ec-b0ba-7cb27dfc3c61.jpg</path>
	<source>
		<database>Unknown</database>
	</source>
	<size>
		<width>640</width>
		<height>480</height>
		<depth>3</depth>
	</size>
	<segmented>0</segmented>
	<object>
		<name>no</name>
		<pose>Unspecified</pose>
		<truncated>0</truncated>
		<difficult>0</difficult>
		<bndbox>
			<xmin>335</xmin>
			<ymin>150</ymin>
			<xmax>564</xmax>
			<ymax>341</ymax>
		</bndbox>
	</object>
</annotation>
