<annotation>
	<folder>thanks</folder>
	<filename>thanks.63bae680-b33b-11ec-ab1b-7cb27dfc3c61.jpg</filename>
	<path>C:\Users\User\OneDrive - Thadomal Shahani Engineering College\Desktop\SignSync 2\RealTimeObjectDetection\Tensorflow\workspace\images\collectedimages\thanks\thanks.63bae680-b33b-11ec-ab1b-7cb27dfc3c61.jpg</path>
	<source>
		<database>Unknown</database>
	</source>
	<size>
		<width>640</width>
		<height>480</height>
		<depth>3</depth>
	</size>
	<segmented>0</segmented>
	<object>
		<name>thanks</name>
		<pose>Unspecified</pose>
		<truncated>0</truncated>
		<difficult>0</difficult>
		<bndbox>
			<xmin>85</xmin>
			<ymin>251</ymin>
			<xmax>498</xmax>
			<ymax>426</ymax>
		</bndbox>
	</object>
</annotation>
