<annotation>
	<folder>yes</folder>
	<filename>yes.85f7f081-b33b-11ec-b787-7cb27dfc3c61.jpg</filename>
	<path>C:\Users\User\OneDrive - Thadomal Shahani Engineering College\Desktop\SignSync 2\RealTimeObjectDetection\Tensorflow\workspace\images\collectedimages\yes\yes.85f7f081-b33b-11ec-b787-7cb27dfc3c61.jpg</path>
	<source>
		<database>Unknown</database>
	</source>
	<size>
		<width>640</width>
		<height>480</height>
		<depth>3</depth>
	</size>
	<segmented>0</segmented>
	<object>
		<name>yes</name>
		<pose>Unspecified</pose>
		<truncated>0</truncated>
		<difficult>0</difficult>
		<bndbox>
			<xmin>296</xmin>
			<ymin>120</ymin>
			<xmax>554</xmax>
			<ymax>298</ymax>
		</bndbox>
	</object>
</annotation>
