<annotation>
	<folder>yes</folder>
	<filename>yes.89a1d919-b33b-11ec-8815-7cb27dfc3c61.jpg</filename>
	<path>C:\Users\User\OneDrive - Thadomal Shahani Engineering College\Desktop\SignSync 2\RealTimeObjectDetection\Tensorflow\workspace\images\collectedimages\yes\yes.89a1d919-b33b-11ec-8815-7cb27dfc3c61.jpg</path>
	<source>
		<database>Unknown</database>
	</source>
	<size>
		<width>640</width>
		<height>480</height>
		<depth>3</depth>
	</size>
	<segmented>0</segmented>
	<object>
		<name>yes</name>
		<pose>Unspecified</pose>
		<truncated>0</truncated>
		<difficult>0</difficult>
		<bndbox>
			<xmin>342</xmin>
			<ymin>216</ymin>
			<xmax>567</xmax>
			<ymax>420</ymax>
		</bndbox>
	</object>
</annotation>
